{
    "metadata":{
        "position":208,
        "version":3,
        "type":"BufferGeometry",
        "normal":208,
        "generator":"io_three"
    },
    "data":{
        "index":{
            "itemSize":1,
            "array":[0,1,2,3,4,5,6,7,8,9,10,11,12,13,14,15,16,17,18,19,20,21,22,23,24,25,26,27,28,29,30,31,32,33,34,35,36,37,38,39,40,41,42,43,44,45,46,47,48,49,50,51,52,53,54,55,56,57,58,59,60,61,62,63,64,65,66,67,68,69,70,71,72,73,74,75,76,77,78,79,80,81,82,83,84,85,86,87,88,89,90,91,92,93,94,95,96,97,98,99,100,101,102,103,104,105,106,107,108,109,110,111,112,113,114,115,116,117,118,119,120,121,122,123,124,125,126,127,128,129,130,131,132,133,134,135,136,137,138,139,140,141,142,143,144,145,146,147,148,149,150,151,152,153,154,155,156,157,158,159,160,161,162,163,164,165,166,167,168,169,170,171,172,173,60,174,61,65,175,176,176,177,65,178,179,63,180,181,63,182,183,184,185,186,187,188,189,190,191,192,64,64,193,194,194,195,65,65,177,178,196,197,198,199,200,201,202,203,204,64,194,65,65,178,63,205,206,207],
            "type":"Uint16Array"
        },
        "attributes":{
            "position":{
                "itemSize":3,
                "array":[0.106055,1.15444,-1.24907,0.415072,-0.845563,-1.20013,0.106055,-0.845563,-1.24907,0.415072,1.15444,-1.20013,0.69384,-0.845563,-1.05809,0.415072,-0.845563,-1.20013,0.69384,1.15444,-1.05809,0.915072,-0.845563,-0.836854,0.69384,-0.845563,-1.05809,0.915072,1.15444,-0.836855,1.05711,-0.845563,-0.558086,0.915072,-0.845563,-0.836854,1.05711,-0.845563,-0.558086,1.10605,1.15444,-0.249069,1.10605,-0.845563,-0.249069,1.10605,1.15444,-0.249069,1.05711,-0.845563,0.0599478,1.10605,-0.845563,-0.249069,1.05711,1.15444,0.0599478,0.915072,-0.845563,0.338716,1.05711,-0.845563,0.0599478,0.915072,1.15444,0.338716,0.69384,-0.845563,0.559948,0.915072,-0.845563,0.338716,0.69384,-0.845563,0.559948,0.415072,1.15444,0.701987,0.415072,-0.845563,0.701987,0.415072,1.15444,0.701987,0.106054,-0.845563,0.750931,0.415072,-0.845563,0.701987,0.106054,1.15444,0.750931,-0.202963,-0.845563,0.701987,0.106054,-0.845563,0.750931,-0.202963,1.15444,0.701987,-0.481731,-0.845563,0.559947,-0.202963,-0.845563,0.701987,-0.481731,-0.845563,0.559947,-0.702963,1.15444,0.338715,-0.702963,-0.845563,0.338716,-0.702963,1.15444,0.338715,-0.845002,-0.845563,0.059947,-0.702963,-0.845563,0.338716,-0.845002,1.15444,0.059947,-0.893945,-0.845563,-0.24907,-0.845002,-0.845563,0.059947,-0.893945,1.15444,-0.24907,-0.845001,-0.845563,-0.558087,-0.893945,-0.845563,-0.24907,-0.845001,1.15444,-0.558087,-0.702962,-0.845563,-0.836855,-0.845001,-0.845563,-0.558087,-0.702962,1.15444,-0.836856,-0.481729,-0.845563,-1.05809,-0.702962,-0.845563,-0.836855,0.0684659,3.39491,-0.319161,0.0303036,3.42059,-0.33828,0.0825686,3.35141,-0.303626,-0.481729,-0.845563,-1.05809,-0.202961,1.15444,-1.20013,-0.202961,-0.845563,-1.20013,-0.202961,1.15444,-1.20013,0.106055,-0.845563,-1.24907,-0.202961,-0.845563,-1.20013,0.915072,-0.845563,0.338716,-0.893945,-0.845563,-0.24907,-0.202961,-0.845563,-1.20013,0.106055,1.15444,-1.24907,0.415072,1.15444,-1.20013,0.415072,-0.845563,-1.20013,0.415072,1.15444,-1.20013,0.69384,1.15444,-1.05809,0.69384,-0.845563,-1.05809,0.69384,1.15444,-1.05809,0.915072,1.15444,-0.836855,0.915072,-0.845563,-0.836854,0.915072,1.15444,-0.836855,0.0825686,3.35141,-0.303626,1.05711,-0.845563,-0.558086,1.05711,-0.845563,-0.558086,0.0825686,3.35141,-0.303626,1.10605,1.15444,-0.249069,1.10605,1.15444,-0.249069,1.05711,1.15444,0.0599478,1.05711,-0.845563,0.0599478,1.05711,1.15444,0.0599478,0.915072,1.15444,0.338716,0.915072,-0.845563,0.338716,0.915072,1.15444,0.338716,0.0303036,3.42059,-0.33828,0.69384,-0.845563,0.559948,0.69384,-0.845563,0.559948,0.0303036,3.42059,-0.33828,0.415072,1.15444,0.701987,0.415072,1.15444,0.701987,0.106054,1.15444,0.750931,0.106054,-0.845563,0.750931,0.106054,1.15444,0.750931,-0.202963,1.15444,0.701987,-0.202963,-0.845563,0.701987,-0.202963,1.15444,0.701987,0.176538,2.75685,-0.249427,-0.481731,-0.845563,0.559947,-0.481731,-0.845563,0.559947,0.176538,2.75685,-0.249427,-0.702963,1.15444,0.338715,-0.702963,1.15444,0.338715,-0.845002,1.15444,0.059947,-0.845002,-0.845563,0.059947,-0.845002,1.15444,0.059947,-0.893945,1.15444,-0.24907,-0.893945,-0.845563,-0.24907,-0.893945,1.15444,-0.24907,-0.845001,1.15444,-0.558087,-0.845001,-0.845563,-0.558087,-0.845001,1.15444,-0.558087,-0.702962,1.15444,-0.836856,-0.702962,-0.845563,-0.836855,-0.702962,1.15444,-0.836856,0.0684659,3.39491,-0.319161,-0.481729,-0.845563,-1.05809,0.69384,1.15444,-1.05809,0.415072,1.15444,-1.20013,0.0684659,3.39491,-0.319161,0.106055,1.15444,-1.24907,-0.202961,1.15444,-1.20013,0.0684659,3.39491,-0.319161,-0.702962,1.15444,-0.836856,-0.845001,1.15444,-0.558087,0.0303036,3.42059,-0.33828,-0.893945,1.15444,-0.24907,-0.845002,1.15444,0.059947,0.0303036,3.42059,-0.33828,0.176538,2.75685,-0.249427,-0.202963,1.15444,0.701987,0.106054,1.15444,0.750931,-0.845002,1.15444,0.059947,-0.702963,1.15444,0.338715,0.0303036,3.42059,-0.33828,0.415072,1.15444,-1.20013,0.106055,1.15444,-1.24907,0.0684659,3.39491,-0.319161,0.0825686,3.35141,-0.303626,0.915072,1.15444,-0.836855,0.0684659,3.39491,-0.319161,1.05711,1.15444,0.0599478,1.10605,1.15444,-0.249069,0.0825686,3.35141,-0.303626,0.106054,1.15444,0.750931,0.415072,1.15444,0.701987,0.0303036,3.42059,-0.33828,-0.845001,1.15444,-0.558087,-0.893945,1.15444,-0.24907,0.0303036,3.42059,-0.33828,0.176538,2.75685,-0.249427,0.106054,1.15444,0.750931,0.0303036,3.42059,-0.33828,0.915072,1.15444,0.338716,1.05711,1.15444,0.0599478,0.0825686,3.35141,-0.303626,0.915072,1.15444,-0.836855,0.69384,1.15444,-1.05809,0.0684659,3.39491,-0.319161,-0.702963,1.15444,0.338715,0.176538,2.75685,-0.249427,0.0303036,3.42059,-0.33828,0.0303036,3.42059,-0.33828,0.915072,1.15444,0.338716,0.0825686,3.35141,-0.303626,0.0684659,3.39491,-0.319161,-0.702962,1.15444,-0.836856,0.0303036,3.42059,-0.33828,-0.481729,-0.845563,-1.05809,0.0684659,3.39491,-0.319161,-0.202961,1.15444,-1.20013,0.106055,1.15444,-1.24907,0.106055,-0.845563,-1.24907,0.415072,-0.845563,-1.20013,0.69384,-0.845563,-1.05809,0.915072,-0.845563,-0.836854,1.05711,-0.845563,-0.558086,1.10605,-0.845563,-0.249069,1.05711,-0.845563,0.0599478,0.915072,-0.845563,0.338716,0.69384,-0.845563,0.559948,0.415072,-0.845563,0.701987,0.415072,-0.845563,0.701987,0.106054,-0.845563,0.750931,-0.202963,-0.845563,0.701987,-0.202963,-0.845563,0.701987,-0.481731,-0.845563,0.559947,-0.702963,-0.845563,0.338716,-0.702963,-0.845563,0.338716,-0.845002,-0.845563,0.059947,-0.845001,-0.845563,-0.558087,-0.702962,-0.845563,-0.836855,-0.481729,-0.845563,-1.05809,1.05711,-0.845563,-0.558086,1.10605,-0.845563,-0.249069,0.915072,-0.845563,0.338716,0.915072,-0.845563,0.338716,0.415072,-0.845563,0.701987,-0.202963,-0.845563,0.701987,-0.202963,-0.845563,0.701987,-0.702963,-0.845563,0.338716,-0.893945,-0.845563,-0.24907,0.915072,-0.845563,0.338716,-0.202963,-0.845563,0.701987,-0.893945,-0.845563,-0.24907],
                "type":"Float32Array"
            },
            "normal":{
                "itemSize":3,